,City Name,Lat,Lng,Max Temp,Humidity,Cloudiness,Wind Speed,Country,Date
0,New Plymouth,-39.07,174.08,57.0,68,12,15.01,NZ,1600234364
1,Kapaa,22.08,-159.32,80.6,69,20,10.29,US,1600233949
2,Atuona,-9.8,-139.03,78.33,76,1,18.63,PF,1600234364
3,Emporia,38.4,-96.18,62.6,88,1,6.93,US,1600234365
4,Fallon,39.47,-118.78,60.8,44,90,5.82,US,1600234365
5,Punta Arenas,-53.15,-70.92,30.2,86,0,13.87,CL,1600234365
6,Avarua,-21.21,-159.78,73.4,78,70,11.41,CK,1600234365
7,Jamestown,42.1,-79.24,51.01,87,1,8.05,US,1600234366
8,Moose Factory,51.26,-80.61,48.2,87,90,4.7,CA,1600234366
9,Albany,42.6,-73.97,48.0,78,4,3.13,US,1600234248
10,Cidreira,-30.18,-50.21,59.61,91,100,16.51,BR,1600234367
11,Onega,63.91,38.14,47.37,80,30,2.64,RU,1600234367
12,Igarka,67.47,86.58,59.52,63,3,11.97,RU,1600234367
13,Hobart,-42.88,147.33,62.6,39,75,19.46,AU,1600233934
14,Mataura,-46.19,168.86,52.0,86,100,11.99,NZ,1600233958
15,Gao,16.64,1.64,87.6,29,0,6.6,ML,1600234368
16,Narsaq,60.92,-46.05,42.8,81,100,2.24,GL,1600233980
17,Manggar,-2.88,108.27,84.76,65,24,12.66,ID,1600234368
18,Havelock,34.88,-76.9,69.8,77,90,11.41,US,1600233772
19,Tiksi,71.69,128.87,46.04,67,20,2.75,RU,1600233949
20,Hithadhoo,-0.6,73.08,81.97,71,100,9.69,MV,1600233970
21,Souillac,-20.52,57.52,71.6,49,75,14.99,MU,1600234037
22,Kahului,20.89,-156.47,82.4,54,20,18.34,US,1600233900
23,Cape Town,-33.93,18.42,53.01,87,75,16.11,ZA,1600234096
24,Lüderitz,-26.65,15.16,50.92,69,0,11.18,NA,1600234025
25,Hilo,19.73,-155.09,78.8,69,20,3.78,US,1600233963
26,Ossora,59.24,163.07,50.16,75,67,4.43,RU,1600234369
27,Dunedin,-45.87,170.5,57.0,66,55,8.99,NZ,1600233741
28,Vaini,-21.2,-175.2,75.2,73,40,13.87,TO,1600233965
29,Allonnes,47.97,0.16,68.0,64,64,5.91,FR,1600234370
30,Bandarbeyla,9.49,50.81,85.28,56,27,24.7,SO,1600233987
31,Rikitea,-23.12,-134.97,73.78,75,0,3.83,PF,1600234370
32,Saskylakh,71.92,114.08,50.29,75,100,5.61,RU,1600233967
33,Dalvik,65.97,-18.53,44.6,70,100,9.17,IS,1600234371
34,Mtwango,-9.02,34.8,62.35,73,69,9.31,TZ,1600234371
35,Airai,-8.93,125.41,78.19,42,58,3.65,TL,1600233969
36,Ushuaia,-54.8,-68.3,32.0,91,40,5.82,AR,1600233767
37,Petrov Val,50.14,45.21,58.48,49,0,18.1,RU,1600234371
38,Guerrero Negro,27.98,-114.06,76.41,61,0,14.29,MX,1600233987
39,Prudentópolis,-25.21,-50.98,56.73,87,99,3.65,BR,1600234197
40,Fare,-16.7,-151.02,78.91,76,0,13.76,PF,1600234018
41,Castro,-24.79,-50.01,51.6,97,77,4.97,BR,1600234002
42,San Onofre,9.74,-75.53,79.03,86,100,3.6,CO,1600234372
43,Linjiang,41.81,126.91,65.25,78,100,4.76,CN,1600234373
44,Hasaki,35.73,140.83,82.99,65,75,6.93,JP,1600234373
45,Maniitsoq,65.42,-52.9,42.04,77,89,6.46,GL,1600234373
46,Baruun-Urt,46.68,113.28,56.89,48,100,21.21,MN,1600234374
47,Alice Springs,-23.7,133.88,86.0,15,41,6.93,AU,1600234229
48,Narasannapeta,18.42,84.05,87.93,69,75,6.78,IN,1600234374
49,Barrow,71.29,-156.79,35.6,80,90,23.04,US,1600233717
50,Arraial do Cabo,-22.97,-42.03,70.7,90,77,13.4,BR,1600233982
51,Port Alfred,-33.59,26.89,57.04,82,37,8.25,ZA,1600234029
52,Ostrovnoy,68.05,39.51,42.39,77,94,9.15,RU,1600233982
53,Medvezh'yegorsk,62.92,34.47,47.46,79,99,2.01,RU,1600234374
54,Bethel,41.37,-73.41,48.99,93,1,3.87,US,1600234050
55,Coyhaique,-45.58,-72.07,32.0,94,27,3.36,CL,1600234375
56,Camacha,33.08,-16.33,71.6,83,40,13.87,PT,1600234376
57,Hermanus,-34.42,19.23,45.0,95,11,11.14,ZA,1600233968
58,Dikson,73.51,80.55,42.42,95,99,16.62,RU,1600234023
59,Puerto Ayora,-0.74,-90.35,66.99,91,75,4.0,EC,1600233960
60,Busselton,-33.65,115.33,61.0,80,31,3.0,AU,1600233956
61,Carnarvon,-24.87,113.63,73.4,64,0,21.92,AU,1600233958
62,Bredasdorp,-34.53,20.04,44.6,87,9,1.12,ZA,1600234029
63,Isangel,-19.55,169.27,77.0,73,75,11.41,VU,1600233987
64,Pisco,-13.7,-76.22,62.6,82,40,4.7,PE,1600234377
65,Cabo San Lucas,22.89,-109.91,84.99,82,61,14.25,MX,1600233857
66,Manokwari,-0.87,134.08,85.17,63,40,2.37,ID,1600234377
67,Kuril'sk,45.23,147.88,62.73,78,90,10.54,RU,1600234378
68,Alofi,-19.06,-169.92,73.4,83,0,12.75,NU,1600233948
69,Ishigaki,24.34,124.16,87.8,79,75,11.41,JP,1600234066
70,Abonnema,4.71,6.79,74.89,91,100,6.38,NG,1600234378
71,Sur,22.57,59.53,90.68,37,38,6.51,OM,1600234378
72,Chiang Rai,19.91,99.83,87.8,70,75,6.93,TH,1600234378
73,Baykit,61.67,96.37,62.22,50,38,8.97,RU,1600234044
74,Nome,64.5,-165.41,48.2,93,90,20.8,US,1600233966
75,Tuktoyaktuk,69.45,-133.04,32.0,90,20,10.29,CA,1600233968
76,Bolgar,54.95,49.07,48.2,81,75,22.37,RU,1600234379
77,Kovdor,67.57,30.48,40.8,86,95,2.17,RU,1600234379
78,Kavieng,-2.57,150.8,84.34,75,74,15.37,PG,1600234014
79,Talnakh,69.49,88.4,62.6,48,71,15.66,RU,1600234060
80,Tasiilaq,65.61,-37.64,35.6,94,100,34.45,GL,1600233999
81,Tessalit,20.2,1.01,89.65,15,82,11.03,ML,1600234061
82,Arlit,18.74,7.39,89.49,22,0,9.17,NE,1600233994
83,Clyde River,70.47,-68.59,32.0,95,75,16.11,CA,1600233992
84,Krasnosel'kup,65.7,82.47,59.52,59,37,15.32,RU,1600234011
85,Upernavik,72.79,-56.15,26.62,87,12,10.89,GL,1600234049
86,San Patricio,19.22,-104.7,78.91,86,72,5.93,MX,1600234380
87,Deniliquin,-35.53,144.97,73.0,29,88,1.01,AU,1600234278
88,Dhankutā,26.98,87.33,79.92,69,21,5.5,NP,1600234381
89,Tingi,-11.3,35.03,72.81,54,0,6.62,TZ,1600234381
90,Pilar,-9.6,-35.96,69.8,94,30,2.24,BR,1600234381
91,Zavodouspenskoye,56.86,65.02,51.8,93,90,11.18,RU,1600234382
92,La Cruz,23.92,-106.9,80.83,89,72,3.29,MX,1600234382
93,Zaria,11.11,7.72,70.93,85,52,2.8,NG,1600234382
94,Laas,46.62,10.7,57.0,100,20,3.36,IT,1600234031
95,Gizo Government Station,-8.1,156.84,83.19,75,86,5.61,SB,1600234099
96,Aklavik,68.22,-135.01,35.6,71,75,9.17,CA,1600233959
97,Vila Franca do Campo,37.72,-25.43,64.4,55,20,10.29,PT,1600234383
98,Mulchén,-37.72,-72.23,49.78,96,99,0.78,CL,1600234383
99,Māngrol,21.12,70.12,84.56,72,87,8.01,IN,1600234384
100,Faanui,-16.48,-151.75,78.08,79,3,15.19,PF,1600234384
101,Port-Gentil,-0.72,8.78,77.0,83,75,11.41,GA,1600234384
102,Saint George,37.1,-113.58,84.2,12,1,3.04,US,1600234385
103,Korhogo,9.45,-5.63,69.85,97,15,5.35,CI,1600234385
104,Nanortalik,60.14,-45.24,42.57,92,100,17.4,GL,1600234385
105,Qaanaaq,77.48,-69.36,18.48,76,0,6.98,GL,1600234386
106,Portobelo,9.55,-79.65,77.0,94,71,7.0,PA,1600234386
107,East London,-33.02,27.91,55.4,87,91,8.05,ZA,1600234304
108,Huarmey,-10.07,-78.15,59.86,86,93,7.67,PE,1600234386
109,São Miguel do Araguaia,-13.28,-50.16,73.47,40,0,3.76,BR,1600234387
110,Suratgarh,29.32,73.9,101.97,26,23,5.06,IN,1600234387
111,Karratha,-20.74,116.85,92.07,24,6,15.79,AU,1600234387
112,Constitución,-35.33,-72.42,51.19,90,96,7.07,CL,1600234387
113,Tuatapere,-46.13,167.68,51.01,87,100,10.0,NZ,1600234388
114,Nikolayevsk-on-Amur,53.14,140.73,61.09,81,91,3.83,RU,1600234388
115,Naze,28.37,129.48,86.0,79,75,12.75,JP,1600234388
116,Trairi,-3.28,-39.27,76.77,80,8,12.55,BR,1600234388
117,Kruisfontein,-34.0,24.73,50.0,92,0,1.01,ZA,1600234389
118,Saint-Philippe,-21.36,55.77,73.4,49,40,2.24,RE,1600234389
119,New Norfolk,-42.78,147.06,62.6,39,75,19.46,AU,1600234389
120,Bathsheba,13.22,-59.52,82.4,78,20,13.87,BB,1600234390
121,Qaqortoq,60.72,-46.03,42.8,81,100,2.24,GL,1600234390
122,Petlāwad,23.0,74.8,85.26,77,69,10.07,IN,1600234390
123,Ribeira Grande,38.52,-28.7,65.48,64,78,15.41,PT,1600234390
124,Bengkulu,-3.8,102.27,79.5,80,99,5.64,ID,1600234391
125,Port Lincoln,-34.73,135.87,65.21,53,99,10.38,AU,1600234320
126,Verāval,20.9,70.37,84.58,73,71,7.56,IN,1600234391
127,Terrace,54.52,-128.6,53.6,87,5,5.82,CA,1600234392
128,Erzin,36.96,36.2,80.01,83,11,3.15,TR,1600234392
129,Zyryanka,65.75,150.85,49.66,64,100,8.08,RU,1600234392
130,Kenai,60.55,-151.26,52.0,87,90,3.36,US,1600234392
131,Casablanca,33.59,-7.62,68.0,100,20,3.36,MA,1600234192
132,Stafford,52.81,-2.12,57.99,73,39,1.01,GB,1600234252
133,Sisimiut,66.94,-53.67,37.09,89,100,10.51,GL,1600234393
134,Nhulunbuy,-12.23,136.77,84.2,58,40,16.11,AU,1600234393
135,Yellowknife,62.46,-114.35,32.0,79,5,3.36,CA,1600234393
136,Nikolskoye,59.7,30.79,48.99,93,40,4.47,RU,1600234394
137,Mayor Pablo Lagerenza,-19.93,-60.77,70.14,64,29,3.98,PY,1600234394
138,Eureka,40.8,-124.16,66.2,93,90,3.36,US,1600234394
139,Khatanga,71.97,102.5,57.74,61,98,7.43,RU,1600234395
140,Forsytheganj,52.63,29.73,62.35,85,62,4.5,BY,1600234395
141,Emilio Carranza,19.97,-96.61,78.28,73,83,11.86,MX,1600234395
142,Touros,-5.2,-35.46,71.6,100,40,3.36,BR,1600234395
143,Terrace Bay,48.78,-87.1,49.62,85,82,4.7,CA,1600234396
144,Saldanha,-33.01,17.94,48.2,87,7,3.36,ZA,1600234396
145,Española,35.99,-106.08,62.6,27,1,9.17,US,1600234396
146,Tilichiki,60.47,166.1,47.44,72,79,8.37,RU,1600234397
147,Yangliuqing,39.14,117.0,75.2,23,1,13.42,CN,1600234397
148,Ampanihy,-24.7,44.75,70.93,71,28,6.49,MG,1600234397
149,Mar del Plata,-38.0,-57.56,48.99,81,12,6.93,AR,1600234112
150,São Filipe,14.9,-24.5,78.85,84,93,8.39,CV,1600234398
151,Coquimbo,-29.95,-71.34,51.8,81,1,2.24,CL,1600234398
152,Fortuna,40.6,-124.16,64.99,100,90,2.59,US,1600234103
153,Haines Junction,60.75,-137.51,42.62,62,97,3.69,CA,1600234398
154,Provideniya,64.38,-173.3,48.2,81,75,4.47,RU,1600234399
155,Verkhoyansk,67.54,133.38,53.73,51,21,6.2,RU,1600234399
156,Nybro,56.74,15.91,57.0,100,10,1.12,SE,1600234399
157,Umluj,25.02,37.27,94.15,40,0,4.36,SA,1600234399
158,Ixtapa,20.7,-105.2,82.4,88,75,2.24,MX,1600234400
159,Port Hedland,-20.32,118.57,96.8,32,50,13.87,AU,1600234400
160,Marawi,8.0,124.29,84.0,79,100,5.99,PH,1600234400
161,Butaritari,3.07,172.79,83.61,74,70,16.35,KI,1600234400
162,Ahipara,-35.17,173.17,57.16,81,2,7.07,NZ,1600234401
163,Natal,-5.79,-35.21,77.0,83,40,10.29,BR,1600234238
164,Russkiy Aktash,55.04,52.12,46.4,93,90,17.9,RU,1600234279
165,Geraldton,-28.77,114.6,71.6,49,44,23.04,AU,1600234401
166,Mirzāpur,25.15,82.58,89.6,70,99,3.36,IN,1600234401
167,Kayes,14.0,-11.0,76.21,88,10,5.08,ML,1600234402
168,Teknāf,20.86,92.31,88.2,70,47,8.43,BD,1600234402
169,Batemans Bay,-35.72,150.18,71.01,44,38,7.0,AU,1600234229
170,Sergiyevsk,53.94,51.16,47.68,82,86,19.01,RU,1600234402
171,Saint Anthony,45.02,-93.22,69.8,68,1,5.82,US,1600234403
172,Ozinki,51.18,49.68,54.9,56,0,18.99,RU,1600234403
173,Partyzany,46.33,34.75,71.38,56,0,9.71,UA,1600234403
174,Igrim,63.19,64.42,55.94,75,97,12.64,RU,1600234404
175,Laurel,39.1,-76.85,52.0,87,1,3.67,US,1600234141
176,Yulara,-25.24,130.99,91.4,10,0,13.87,AU,1600234404
177,Miandrivazo,-19.52,45.47,84.29,49,41,2.35,MG,1600234404
178,Kumul,42.8,93.45,77.27,18,100,7.4,CN,1600234404
179,Coahuayana Viejo,18.73,-103.68,77.85,86,100,2.44,MX,1600234405
180,Avinurme,58.98,26.86,55.99,98,77,4.0,EE,1600234405
181,Katherine,-14.47,132.27,95.0,15,96,8.05,AU,1600234406
182,Toribío,2.95,-76.27,69.8,73,75,6.93,CO,1600234406
183,Algiers,36.75,3.04,62.6,93,20,1.34,DZ,1600234406
184,Faya,18.39,42.45,73.4,42,40,5.84,SA,1600234406
185,Farah,32.5,62.5,78.19,16,0,4.18,AF,1600234407
186,Troitskiy,57.06,63.75,51.35,96,100,7.38,RU,1600234407
187,Tual,-5.67,132.75,79.93,82,88,16.15,ID,1600234132
188,Kavaratti,10.57,72.64,84.2,79,40,11.41,IN,1600234407
189,Marquette,46.53,-87.63,59.0,90,58,3.51,US,1600234377
190,São Paulo de Olivença,-3.38,-68.87,71.06,96,44,2.35,BR,1600234408
191,San Isidro,-12.12,-77.05,60.8,82,90,5.82,PE,1600234408
192,Severo-Kuril'sk,50.68,156.12,54.86,64,60,12.12,RU,1600234408
193,Kodinsk,58.69,99.18,63.09,45,53,7.56,RU,1600234409
194,Lebu,-37.62,-73.65,49.14,95,88,1.03,CL,1600234409
195,Bonavista,48.65,-53.11,49.82,69,43,11.79,CA,1600234410
196,Colinas,-6.03,-44.25,76.42,47,17,3.94,BR,1600234410
197,Santa Cruz de la Sierra,-17.8,-63.17,64.4,82,14,4.7,BO,1600234185
198,Laguna,38.42,-121.42,70.0,64,1,5.82,US,1600234411
199,Whitehorse,60.72,-135.05,53.6,40,90,12.75,CA,1600234185
200,George Town,5.41,100.34,87.8,62,40,5.82,MY,1600234411
201,Codrington,-38.27,141.97,59.9,72,67,8.3,AU,1600234411
202,Yumen,40.28,97.2,74.95,15,95,20.02,CN,1600234412
203,Sohag,26.56,31.69,80.6,51,0,6.93,EG,1600234412
204,Kidal,18.44,1.41,87.71,19,36,3.85,ML,1600234412
205,The Valley,18.22,-63.06,84.2,79,20,9.17,AI,1600234412
206,Wolgast,54.05,13.77,61.0,83,73,6.89,DE,1600234413
207,Artigas,-30.4,-56.47,52.61,96,55,5.3,UY,1600234413
208,Bambous Virieux,-20.34,57.76,72.0,49,75,14.99,MU,1600234413
209,Chapais,49.78,-74.85,42.8,93,90,11.41,CA,1600234413
210,Seoul,37.57,126.98,77.0,65,90,7.99,KR,1600234164
211,Fairbanks,64.84,-147.72,53.6,71,90,3.36,US,1600234203
212,Pevek,69.7,170.31,43.12,79,96,4.83,RU,1600234414
213,Phalodi,27.13,72.37,97.92,38,0,8.95,IN,1600234259
214,Phan Thiet,10.93,108.1,87.4,66,93,11.65,VN,1600234415
215,Lavrentiya,65.58,-171.0,44.51,92,98,10.11,RU,1600234415
216,Ponta do Sol,32.67,-17.1,73.4,69,40,5.82,PT,1600234415
217,Santa Rosa,14.31,121.11,88.0,70,75,6.93,PH,1600234262
218,Sept-Îles,50.2,-66.38,30.2,92,5,4.7,CA,1600234416
219,Skovorodino,53.98,123.92,64.89,42,99,4.16,RU,1600234416
220,Dauphin,51.15,-100.05,48.2,93,90,8.05,CA,1600234416
221,Chiredzi,-21.05,31.67,77.74,49,0,5.99,ZW,1600234416
222,Ulaanbaatar,47.91,106.88,50.0,46,20,8.95,MN,1600234394
223,Quatre Cocos,-20.21,57.76,72.0,49,75,14.99,MU,1600234417
224,Goose Creek,32.98,-80.03,73.0,73,90,11.41,US,1600234417
225,Fort Nelson,58.81,-122.7,46.4,65,20,3.36,CA,1600234202
226,Comodoro Rivadavia,-45.87,-67.5,41.0,41,1,6.93,AR,1600234148
227,Port Elizabeth,-33.92,25.57,53.6,93,20,5.82,ZA,1600234417
228,Srednekolymsk,67.45,153.68,43.32,78,98,8.34,RU,1600234418
229,Bluff,-46.6,168.33,51.01,87,100,10.0,NZ,1600234418
230,Sibolga,1.74,98.78,86.7,59,40,6.04,ID,1600234418
231,Los Llanos de Aridane,28.66,-17.92,77.0,78,99,10.29,ES,1600234418
232,Vardø,70.37,31.11,42.8,100,75,2.24,NO,1600234418
233,Kaitangata,-46.28,169.85,53.01,65,94,18.01,NZ,1600234419
234,Burnie,-41.07,145.92,55.99,60,100,10.0,AU,1600234419
235,Bertinoro,44.15,12.14,69.01,93,5,6.93,IT,1600234419
236,Tayshet,55.93,98.0,62.29,51,28,9.86,RU,1600234419
237,Belmonte,-15.86,-38.88,73.4,83,75,2.24,BR,1600234420
238,Inhambane,-23.86,35.38,71.6,88,40,2.24,MZ,1600234420
239,Sterling,39.01,-77.43,53.01,93,75,4.03,US,1600234420
240,Ribas do Rio Pardo,-20.44,-53.76,68.9,33,0,2.91,BR,1600234421
241,Vila Velha,-20.33,-40.29,72.0,88,75,6.93,BR,1600234421
242,Rosetta,31.4,30.42,78.8,78,40,4.7,EG,1600234421
243,Tanabe,33.73,135.37,77.0,83,75,8.05,JP,1600234422
244,Mazsalaca,57.86,25.05,60.01,92,85,4.0,LV,1600234422
245,Mashhad,36.3,59.61,73.4,38,0,11.41,IR,1600234414
246,Beloha,-25.17,45.05,74.17,63,35,5.46,MG,1600234422
247,Honiara,-9.43,159.95,84.2,79,75,14.99,SB,1600234423
248,Bhairab Bāzār,24.07,90.97,89.6,75,40,3.36,BD,1600234423
249,Cerveteri,41.99,12.09,70.0,77,88,4.7,IT,1600234423
250,Teahupoo,-17.83,-149.27,80.6,69,75,4.7,PF,1600234423
251,Mabaruma,8.2,-59.78,73.69,98,69,2.26,GY,1600234424
252,Harindānga,22.04,88.32,93.2,79,40,8.05,IN,1600234424
253,Río Gallegos,-51.62,-69.22,28.4,86,0,8.05,AR,1600234424
254,Mount Gambier,-37.83,140.77,68.0,42,67,11.41,AU,1600234425
255,Hualmay,-11.1,-77.61,59.4,86,82,8.72,PE,1600234425
256,Klaksvík,62.23,-6.59,41.0,100,2,2.77,FO,1600234425
257,Cockburn Town,21.46,-71.14,83.1,77,65,11.95,TC,1600234426
258,Rāmshīr,30.89,49.41,91.4,63,0,9.37,IR,1600234426
259,Batagay-Alyta,67.8,130.41,48.43,55,52,3.2,RU,1600234426
260,Grants,35.15,-107.85,51.8,32,1,4.7,US,1600234426
261,Kaseda-shirakame,31.42,130.32,75.2,100,75,5.82,JP,1600234427
262,Dabat,12.98,37.77,62.56,66,4,0.78,ET,1600234427
263,Emerald,-23.53,148.17,82.4,32,40,14.99,AU,1600234427
264,Saint Paul Harbor,57.79,-152.41,54.18,92,62,3.09,US,1600234427
265,Naliya,23.27,68.83,88.47,69,67,12.48,IN,1600234428
266,Noyabrsk,63.2,75.45,59.85,58,18,19.42,RU,1600234428
267,Río Cuarto,-33.13,-64.35,49.82,53,0,7.45,AR,1600234218
268,Necochea,-38.55,-58.74,46.0,79,80,1.99,AR,1600234429
269,Denpasar,-8.65,115.22,86.0,62,40,12.75,ID,1600234429
270,Pitimbu,-7.47,-34.81,73.4,94,75,5.82,BR,1600234429
271,Mfou,3.72,11.64,69.8,100,75,4.0,CM,1600234430
272,Canguçu,-31.39,-52.68,54.0,90,100,1.5,BR,1600234430
273,Waupun,43.63,-88.73,66.2,93,1,5.82,US,1600234361
274,Nemuro,43.32,145.57,71.6,73,40,11.41,JP,1600234430
275,Vytegra,61.01,36.45,50.02,82,56,2.17,RU,1600234430
276,Benguela,-12.58,13.41,69.69,83,16,2.35,AO,1600234431
277,Port-Cartier,50.03,-66.87,30.2,92,5,4.7,CA,1600234431
278,Yucaipa,34.03,-117.04,80.6,32,1,2.1,US,1600234294
279,Marsá Maţrūḩ,31.35,27.25,75.2,78,40,9.98,EG,1600234431
280,Half Moon Bay,37.46,-122.43,64.4,93,90,6.93,US,1600234432
281,Santarém,-2.44,-54.71,75.2,100,88,4.18,BR,1600234432
282,Sola,-13.88,167.55,79.52,78,86,28.3,VU,1600234433
283,Oistins,13.07,-59.53,82.4,78,20,13.87,BB,1600234433
284,Upington,-28.45,21.26,35.6,69,0,3.36,ZA,1600234433
285,Santiago de Cao,-7.96,-79.24,59.54,90,86,10.29,PE,1600234433
286,Deputatsky,69.3,139.9,43.75,67,93,3.04,RU,1600234434
287,Humaitá,-7.51,-63.02,75.56,46,85,2.35,BR,1600234434
288,Chui,-33.7,-53.46,51.17,92,85,1.28,UY,1600234434
289,Sjenica,43.27,20.0,61.29,68,51,3.58,RS,1600234434
290,Yertsevo,60.8,40.09,44.35,89,93,3.94,RU,1600234434
291,Mumford,5.26,-0.76,74.79,91,100,9.98,GH,1600234435
292,Eura,61.13,22.13,53.6,100,90,8.05,FI,1600234435
293,Rafina,38.02,24.01,75.0,60,20,8.05,GR,1600234272
294,Tezu,27.92,96.17,75.97,86,99,3.67,IN,1600234435
295,Timrå,62.49,17.33,54.0,93,90,4.7,SE,1600234435
296,Mehamn,71.04,27.85,44.6,87,75,6.93,NO,1600234436
297,Soto la Marina,23.77,-98.22,75.0,97,73,3.0,MX,1600234436
298,Ploemeur,47.73,-3.43,59.0,93,24,4.7,FR,1600234206
299,Koshurnikovo,54.17,93.3,63.79,49,55,3.04,RU,1600234436
300,Cherskiy,68.75,161.3,42.57,84,100,2.1,RU,1600234437
301,Abrau-Dyurso,44.69,37.59,69.8,77,0,6.71,RU,1600234437
302,Balkanabat,39.51,54.37,77.38,34,6,11.5,TM,1600234437
303,Padang,-0.95,100.35,87.1,59,90,8.12,ID,1600234438
304,Santa Cruz del Sur,20.71,-78.0,77.7,90,95,10.8,CU,1600234438
305,Tombouctou,20.0,-3.0,93.92,15,73,14.34,ML,1600234439
306,San Matías,-16.37,-58.4,76.69,39,1,3.36,BO,1600234439
307,Kotka,60.47,26.95,54.0,100,40,9.17,FI,1600234439
308,Katsuura,35.13,140.3,82.99,74,75,3.36,JP,1600234440
309,Mayo,38.89,-76.51,64.0,93,1,5.84,US,1600234441
310,Adrar,20.5,-10.07,91.13,26,1,7.94,MR,1600234441
311,Esperance,-33.87,121.9,57.2,82,75,19.46,AU,1600234441
312,Formosa do Rio Preto,-11.05,-45.19,66.31,59,48,4.56,BR,1600234441
313,Tacuarembó,-31.73,-55.98,47.35,93,27,1.83,UY,1600234441
314,Vao,-22.67,167.48,67.48,78,20,22.03,NC,1600234442
315,Polyarny,69.2,33.45,42.8,93,40,4.47,RU,1600234442
316,Octeville,49.63,-1.64,66.0,93,62,3.36,FR,1600234443
317,Bilma,18.69,12.92,87.6,34,0,2.01,NE,1600234443
318,Sioux Lookout,50.1,-91.92,53.6,81,90,4.7,CA,1600234443
319,Sabha,27.04,14.43,73.96,57,0,14.81,LY,1600234443
320,Torbay,47.67,-52.73,48.0,75,75,9.17,CA,1600234444
321,Bétérou,9.2,2.26,72.16,95,88,0.87,BJ,1600234444
322,Mikhaylovka,50.06,43.24,59.0,60,9,8.01,RU,1600234444
323,Mahabalipuram,12.63,80.17,87.8,62,40,11.41,IN,1600234444
324,Kirovskiy,45.09,133.51,70.16,70,100,2.15,RU,1600234445
325,Henties Bay,-22.12,14.28,50.0,94,9,4.0,NA,1600234445
326,North Bend,43.41,-124.22,64.4,88,1,2.37,US,1600234445
327,Belaya Glina,46.07,40.86,72.16,40,0,7.65,RU,1600234446
328,Marsassoum,12.83,-15.98,75.25,96,96,2.28,SN,1600234446
329,Kilimatinde,-5.85,34.95,71.47,59,32,7.56,TZ,1600234447
330,Zhengjiatun,43.51,123.51,65.62,56,0,21.88,CN,1600234447
331,Gamba,-2.65,10.0,74.84,87,90,5.35,GA,1600234447
332,Kieta,-6.22,155.63,83.32,71,100,2.42,PG,1600234448
333,Sakaiminato,35.55,133.23,82.4,61,75,5.82,JP,1600234420
334,Mahébourg,-20.41,57.7,71.6,49,75,14.99,MU,1600234448
335,Aykhal,66.0,111.5,57.2,47,40,2.24,RU,1600234449
336,Boden,65.83,21.69,46.4,93,90,1.12,SE,1600234265
337,Pangkalanbuun,-2.68,111.62,91.99,44,50,6.6,ID,1600234449
338,Cortez,37.35,-108.59,55.0,62,1,3.36,US,1600234449
339,Alta Floresta,-9.88,-56.09,69.8,68,16,3.11,BR,1600234450
340,Dembī Dolo,8.53,34.8,61.23,100,100,2.24,ET,1600234450
341,Maraã,-1.83,-65.37,73.8,95,100,2.84,BR,1600234450
342,Novyy Svit,47.81,38.02,68.05,59,0,8.43,UA,1600234451
343,Halmeu,47.97,23.02,64.0,87,85,4.29,RO,1600234451
344,San Pablo City,14.07,121.33,88.0,70,75,6.93,PH,1600234451
345,Port Hardy,50.7,-127.42,59.0,87,75,6.4,CA,1600234201
346,Iskateley,67.68,53.15,47.14,74,62,13.62,RU,1600234452
347,Tamale,9.4,-0.84,73.09,97,94,8.9,GH,1600234452
348,Tagusao,9.19,117.81,78.62,89,100,17.52,PH,1600234452
349,Arman',59.7,150.17,52.39,67,94,5.75,RU,1600234453
350,Norman Wells,65.28,-126.83,30.2,92,40,2.24,CA,1600234453
351,Lompoc,34.64,-120.46,55.4,100,90,4.7,US,1600234453
352,Olinda,-8.01,-34.86,77.0,78,40,12.75,BR,1600234425
353,Mauá,-23.67,-46.46,63.0,82,96,5.82,BR,1600234454
354,Edd,13.93,41.69,93.87,45,16,5.48,ER,1600234454
355,Bud,39.45,-86.18,54.0,100,1,3.51,US,1600234454
356,Anzio,41.49,12.62,71.01,65,68,1.99,IT,1600234455
357,Hare Bay,48.85,-54.01,41.0,86,5,6.93,CA,1600234455
358,Acapulco de Juárez,16.86,-99.89,79.16,78,81,4.36,MX,1600234455
359,Najrān,17.49,44.13,80.6,22,40,6.02,SA,1600234455
360,Meulaboh,4.14,96.13,85.77,67,84,7.34,ID,1600234456
361,Margate,51.38,1.39,66.0,97,92,3.0,GB,1600234456
362,Rebrikha,53.07,82.34,71.02,38,99,16.31,RU,1600234456
363,Waipawa,-41.41,175.52,59.0,51,0,17.22,NZ,1600234457
364,Wenling,28.37,121.36,89.01,82,90,5.53,CN,1600234457
365,Luanda,-8.84,13.23,69.8,88,20,4.7,AO,1600234457
366,San Quintín,30.48,-115.95,76.78,52,0,7.25,MX,1600234458
367,Giyani,-23.3,30.72,67.93,77,92,5.88,ZA,1600234458
368,Bachaquero,9.97,-71.15,81.34,81,84,6.49,VE,1600234458
369,Avera,33.19,-82.53,69.8,83,40,8.05,US,1600234459
370,Lorengau,-2.02,147.27,85.03,73,100,12.66,PG,1600234459
371,Horasan,40.05,42.17,64.29,51,5,1.41,TR,1600234459
372,Puqi,29.72,113.88,71.55,96,100,4.74,CN,1600234459
373,Stepnyak,52.83,70.78,51.24,59,62,29.28,KZ,1600234460
374,Ayan,56.45,138.17,55.6,72,15,10.54,RU,1600234460
375,Knysna,-34.04,23.05,46.4,81,0,4.7,ZA,1600234460
376,Mugur-Aksy,50.35,90.5,52.23,42,77,7.29,RU,1600234461
377,Xining,36.62,101.77,64.09,35,100,5.55,CN,1600234247
378,Rodolfo Sánchez Taboada,31.72,-116.57,69.01,90,0,3.74,MX,1600234461
379,Mizdah,31.45,12.98,69.31,79,28,12.48,LY,1600234461
380,Sidi Ali,36.1,0.42,68.86,96,21,3.53,DZ,1600234462
381,Ust-Nera,64.57,143.2,46.51,55,98,5.86,RU,1600234462
382,Zverinogolovskoye,54.46,64.85,51.98,87,81,10.36,RU,1600234462
383,Linhares,-19.39,-40.07,68.11,95,21,2.13,BR,1600234463
384,Sukhothai,17.25,99.67,96.01,74,20,5.82,TH,1600234463
385,Marystown,47.17,-55.15,48.0,100,23,11.5,CA,1600234464
386,San Cristobal,7.77,-72.22,65.84,90,99,1.7,VE,1600234464
387,College,64.86,-147.8,53.6,81,75,6.93,US,1600234464
388,Kattivākkam,13.22,80.32,87.8,62,40,11.41,IN,1600234465
389,Yabēlo,4.88,38.08,63.03,75,38,10.85,ET,1600234465
390,Yukamenskoye,57.89,52.24,44.04,91,99,17.02,RU,1600234465
391,Husavik,66.04,-17.34,44.6,70,100,9.17,IS,1600234466
392,Zhalantun,48.0,122.72,58.51,92,100,15.68,CN,1600234466
393,Kulhudhuffushi,6.62,73.07,82.0,78,53,10.74,MV,1600234466
394,Iqaluit,63.75,-68.51,33.8,86,75,11.41,CA,1600234467
395,Sørland,67.67,12.69,46.4,75,75,14.99,NO,1600234467
396,Pangnirtung,66.15,-65.71,33.89,79,61,2.04,CA,1600234467
397,Bundaberg,-24.85,152.35,75.99,53,90,10.29,AU,1600234468
398,Rentina,40.66,23.61,73.99,71,32,2.33,GR,1600234468
399,Grand Gaube,-20.01,57.66,72.0,55,56,8.99,MU,1600234468
400,Popondetta,-8.75,148.25,86.32,60,89,5.28,PG,1600234468
401,Narok,-1.08,35.86,67.03,58,19,8.37,KE,1600234469
402,Buraidah,26.33,43.98,86.0,25,0,4.7,SA,1600234469
403,Chokurdakh,70.63,147.92,42.26,66,95,6.91,RU,1600234469
404,Santa Rosalía,27.32,-112.28,85.6,42,0,6.91,MX,1600234470
405,Nelson,-41.28,173.28,60.01,44,76,7.74,NZ,1600234470
406,Palmer,42.16,-72.33,46.0,93,1,3.8,US,1600234471
407,Aswān,24.09,32.91,90.39,22,0,13.49,EG,1600234471
408,Satipo,-11.25,-74.64,66.85,79,79,1.43,PE,1600234471
409,Nha Trang,12.25,109.18,95.0,56,20,8.05,VN,1600234411
410,Akdepe,42.06,59.38,69.8,26,4,4.7,TM,1600234472
411,Matara,5.95,80.54,83.86,76,62,13.69,LK,1600234253
412,Barra de Tecoanapa,16.52,-98.75,78.22,86,97,3.94,MX,1600234472
413,Pangai,-19.8,-174.35,75.2,69,75,19.46,TO,1600234473
414,Itoman,26.12,127.67,87.8,79,75,11.41,JP,1600234473
415,Wawa,9.9,4.42,72.07,95,83,3.91,NG,1600234473
416,Wau,7.7,28.0,76.01,87,62,4.09,SS,1600234473
417,Malakal,9.53,31.66,76.71,85,99,0.34,SS,1600234474
418,Umm Kaddadah,13.6,26.69,87.01,45,13,7.58,SD,1600234474
419,Menongue,-14.66,17.69,62.26,29,6,3.69,AO,1600234474
420,Mackay,-21.15,149.2,75.2,73,75,19.46,AU,1600234474
421,Kānkon,15.02,74.02,80.6,88,75,2.24,IN,1600234475
422,Yaan,7.38,8.57,72.18,98,100,7.47,NG,1600234475
423,Izhma,65.01,53.91,46.45,92,100,9.89,RU,1600234475
424,Freeport,40.66,-73.58,62.01,76,1,8.21,US,1600234355
425,Nishihara,26.18,127.76,87.8,66,75,11.41,JP,1600234476
426,Portland,45.52,-122.68,66.99,82,90,5.82,US,1600233668
427,Tura,25.52,90.22,83.21,78,90,4.63,IN,1600234476
428,Zemio,5.03,25.14,71.29,94,100,2.35,CF,1600234476
429,Canberra,-35.28,149.13,69.8,40,55,19.46,AU,1600234258
430,Matamoros,25.53,-103.25,71.01,74,52,10.29,MX,1600234477
431,Northam,51.03,-4.22,60.01,100,56,5.32,GB,1600234477
432,Lowestoft,52.48,1.75,61.0,99,97,9.42,GB,1600234325
433,Bac Lieu,9.29,105.72,88.38,64,100,13.51,VN,1600234478
434,Ancud,-41.87,-73.82,37.99,92,5,4.99,CL,1600234478
435,Sitka,57.05,-135.33,55.4,71,20,8.05,US,1600234478
436,Petropavlovsk-Kamchatskiy,53.05,158.65,60.8,59,100,13.42,RU,1600234478
437,Port Pirie,-33.18,138.02,78.76,24,100,9.19,AU,1600234479
438,Cayenne,4.93,-52.33,77.0,100,90,2.24,GF,1600234206
439,Moussoro,13.64,16.49,81.45,63,21,8.61,TD,1600234479
440,Hong Kong,22.29,114.16,90.0,76,29,1.99,HK,1600234344
441,Itarema,-2.92,-39.92,76.14,83,1,15.21,BR,1600234261
442,Emirdağ,39.02,31.15,69.21,42,0,2.71,TR,1600234479
443,Garden City,42.33,-83.33,62.01,87,40,5.82,US,1600234203
444,Ailigandí,9.23,-78.02,79.21,83,100,5.97,PA,1600234480
445,Lukulu,-14.37,23.24,74.7,40,0,3.78,ZM,1600234451
446,Panabá,21.28,-88.27,77.09,95,99,7.07,MX,1600234480
447,Puerto Escondido,15.85,-97.07,79.77,81,100,4.63,MX,1600234481
448,Dingle,11.0,122.67,75.6,95,100,15.41,PH,1600234481
449,Kyra,49.58,111.98,58.19,51,54,12.03,RU,1600234481
450,Ilulissat,69.22,-51.1,44.6,42,100,19.46,GL,1600234482
451,Turukhansk,65.82,87.98,64.38,48,24,13.15,RU,1600234482
452,Kannauj,27.05,79.92,96.89,46,12,3.78,IN,1600234483
453,Catabola,-12.15,17.28,66.43,41,17,8.48,AO,1600234483
454,Imeni Poliny Osipenko,52.42,136.49,66.24,70,84,4.72,RU,1600234483
455,Chicama,-7.84,-79.15,60.64,84,76,5.17,PE,1600234484
456,Williams Lake,52.14,-122.14,48.2,93,5,2.24,CA,1600234484
457,Pāsighāt,28.07,95.33,78.94,83,99,4.81,IN,1600234484
458,Missoula,47.02,-113.8,60.01,54,90,1.99,US,1600234248
459,Winnemucca,40.97,-117.74,57.2,24,90,9.17,US,1600234388
460,Mandera,3.94,41.87,82.65,55,9,13.44,KE,1600234484
461,Korla,41.76,86.15,76.59,19,0,12.41,CN,1600234485
462,Velyka Bahachka,49.79,33.72,63.5,72,8,5.23,UA,1600234485
463,Muisne,0.6,-80.03,74.32,87,100,7.36,EC,1600234485
464,Harper,4.38,-7.72,74.97,88,91,8.86,LR,1600234485
465,Nanhai,30.13,111.78,70.05,95,100,2.8,CN,1600234486
466,Marrakesh,31.63,-8.01,75.2,57,97,2.24,MA,1600234486
467,Lata,40.16,-8.33,60.01,85,53,1.01,PT,1600234486
468,Mihijam,23.85,86.88,89.6,66,40,8.05,IN,1600234487
469,Campoverde,-8.48,-74.81,69.87,95,99,1.23,PE,1600234487
470,Chapada dos Guimarães,-15.46,-55.75,82.4,45,90,2.24,BR,1600234487
471,Broome,42.25,-75.83,50.0,66,1,6.93,US,1600234487
472,Esmeraldas,-19.76,-44.31,68.0,64,0,12.75,BR,1600234488
473,Pueblo Nuevo,23.38,-105.38,59.74,98,98,4.99,MX,1600234488
474,Simao,22.79,100.97,77.2,72,99,3.2,CN,1600234488
475,Drochia,48.03,27.82,68.88,58,0,4.59,MD,1600234489
476,Plérin,48.54,-2.78,61.0,98,1,1.99,FR,1600234489
477,Takapau,-40.03,176.35,52.0,70,0,18.01,NZ,1600234489
478,Mozarlândia,-14.74,-50.57,75.33,30,3,5.95,BR,1600234489
479,Xiongzhou,25.12,114.3,89.78,65,83,4.41,CN,1600234490
480,Luanda,-8.84,13.23,69.8,88,20,4.7,AO,1600234457
481,Hobyo,5.35,48.53,83.25,65,17,21.81,SO,1600234490
482,Varkala,8.73,76.71,86.0,84,40,3.36,IN,1600234490
483,Fushë-Arrëz,42.06,20.02,66.83,56,31,7.92,AL,1600234491
484,Strezhevoy,60.73,77.59,60.8,55,12,17.9,RU,1600234491
485,Sumenep,-7.02,113.87,87.64,50,73,10.85,ID,1600234491
486,Buşayrā,30.74,35.61,76.84,46,0,0.2,JO,1600234492
487,Lima,-12.04,-77.03,60.8,82,90,5.82,PE,1600234248
488,Pacific Grove,36.62,-121.92,61.0,97,21,2.33,US,1600234492
489,Anadyr,64.75,177.48,51.8,71,75,11.18,RU,1600234492
490,Shenjiamen,29.96,122.3,75.42,93,100,3.58,CN,1600234493
491,São José da Coroa Grande,-8.9,-35.15,73.85,86,12,11.63,BR,1600234493
492,Vanavara,60.34,102.28,60.91,49,72,6.33,RU,1600234494
493,Van,38.49,43.38,68.0,52,0,1.12,TR,1600234401
494,Pascagoula,30.37,-88.56,77.0,88,90,25.28,US,1600234494
495,Bom Jardim,-7.8,-35.59,66.06,98,29,7.34,BR,1600234494
496,Bulgan,48.81,103.53,55.02,54,33,3.74,MN,1600234495
497,Paamiut,61.99,-49.67,44.44,79,100,7.2,GL,1600234495
498,Duekoué,6.75,-7.35,71.01,97,89,2.59,CI,1600234496
499,Galesong,-5.32,119.37,93.2,41,20,11.41,ID,1600234496
500,Kalmunai,7.42,81.82,89.44,55,52,4.94,LK,1600234373
501,Shimoda,34.67,138.95,78.8,78,75,10.29,JP,1600234496
502,Flinders,-34.58,150.86,79.0,60,29,3.0,AU,1600234483
503,Mathbaria,22.29,89.96,88.61,71,99,7.4,BD,1600234497
504,Cam Ranh,11.92,109.16,95.0,56,20,8.05,VN,1600234497
505,Elko,41.0,-115.5,64.0,43,1,2.59,US,1600234497
506,Barstow,34.9,-117.02,82.4,14,1,9.17,US,1600234498
507,Tres Arroyos,-38.37,-60.28,44.53,86,96,4.16,AR,1600234498
508,Dogondoutchi,13.64,4.03,81.61,66,96,5.99,NE,1600234498
509,Ubari,26.59,12.78,73.2,52,0,9.66,LY,1600234499
510,Jijiga,9.35,42.8,68.9,68,26,12.91,ET,1600234499
511,Sawtell,-30.38,153.1,73.0,68,0,20.8,AU,1600234499
512,Manitouwadge,49.12,-85.84,47.77,95,97,5.99,CA,1600234500
513,Prince Rupert,54.32,-130.32,57.2,82,1,6.93,CA,1600234257
514,Hervey Bay,-25.3,152.85,75.0,61,2,4.0,AU,1600234500
515,Longyearbyen,78.22,15.64,32.0,93,75,2.24,SJ,1600234500
516,Gunjur,13.2,-16.73,73.4,100,75,2.24,GM,1600234501
517,Mahrīz,31.59,54.43,75.2,16,0,2.24,IR,1600234501
518,Hofn,64.25,-15.21,47.12,61,93,3.96,IS,1600234501
519,Yar-Sale,66.83,70.83,56.19,74,55,8.37,RU,1600234502
520,Batticaloa,7.71,81.69,87.35,59,46,4.99,LK,1600234503
521,Arrondissement du Havre,49.58,0.33,64.4,93,65,6.93,FR,1600234503
522,San Andrés,12.58,-81.7,78.8,94,75,6.49,CO,1600234504
523,Weyburn,49.67,-103.85,50.0,75,24,8.99,CA,1600234504
524,Taicheng,38.73,113.23,63.59,36,1,16.82,CN,1600234505
525,Karlshamn,56.17,14.86,54.0,100,20,4.18,SE,1600234505
526,Murgab,37.5,61.97,77.0,36,0,12.75,TM,1600234506
527,Priiskovyy,51.93,116.63,62.62,46,100,9.33,RU,1600234506
528,‘Āhuimanu,21.44,-157.84,80.6,69,20,5.82,US,1600234507
529,Castelldefels,41.28,1.97,72.0,88,20,6.93,ES,1600234507
530,Merced,37.17,-120.75,75.0,52,0,4.0,US,1600234507
531,Gedinne,49.98,4.94,66.0,72,92,1.12,BE,1600234508
532,Nānākuli,21.39,-158.15,80.6,61,75,3.36,US,1600234508
533,Rome,43.21,-75.46,46.4,87,1,4.7,US,1600234509
534,Port Blair,11.67,92.75,81.18,80,100,17.09,IN,1600234509
535,Vestmannaeyjar,63.44,-20.27,48.13,77,100,17.72,IS,1600234509
536,Kushima,31.46,131.23,75.2,88,75,3.36,JP,1600234510
537,Bosaso,11.28,49.18,93.2,46,0,11.41,SO,1600234510
538,Tashtagol,52.77,87.89,70.56,39,92,6.15,RU,1600234510
539,Vostok,46.49,135.88,63.95,81,100,2.82,RU,1600234510
540,Cerro Cama,9.03,-79.91,77.0,84,99,0.6,PA,1600234511
541,Potiskum,11.71,11.07,74.35,83,16,8.5,NG,1600234511
542,Storsteinnes,69.24,19.23,46.4,100,75,8.05,NO,1600234511
543,Taoudenni,22.68,-3.98,93.87,18,0,15.1,ML,1600234512
544,Kushiro,42.98,144.37,68.0,88,75,13.87,JP,1600234512
545,Abu Samrah,35.3,37.18,83.21,27,0,5.17,SY,1600234513
546,Hailar,49.2,119.7,50.36,90,100,26.31,CN,1600234513
547,Maceió,-9.67,-35.74,69.8,94,11,2.24,BR,1600234305
548,Kurāra,25.98,79.98,96.76,46,51,5.41,IN,1600234513
549,Leningradskiy,69.38,178.42,37.96,94,100,6.91,RU,1600234514
550,Sechura,-5.56,-80.82,61.74,83,31,10.76,PE,1600234514
551,Hengyang,26.89,112.61,85.08,75,90,6.85,CN,1600234514
552,Münster,51.96,7.63,63.0,93,73,1.12,DE,1600234515
553,Canutama,-6.53,-64.38,75.83,72,32,1.66,BR,1600234283
554,Scottsboro,34.67,-86.03,69.8,88,20,9.35,US,1600234515
555,Khovd,48.01,91.64,62.08,29,34,5.79,MN,1600234516
556,Hambantota,6.12,81.12,86.0,84,40,14.99,LK,1600234516
557,Omboué,-1.57,9.26,74.26,87,23,6.62,GA,1600234516
558,Nueva Imperial,-38.73,-72.95,50.0,100,90,4.7,CL,1600234517
559,Hayesville,44.99,-122.98,64.0,72,90,0.72,US,1600234517
560,Ipixuna,-1.76,-48.8,77.0,88,48,10.29,BR,1600234517
561,Chara,56.91,118.26,48.54,66,86,4.92,RU,1600234518
562,Ouallam,14.32,2.09,79.41,75,59,16.6,NE,1600234518
563,Cururupu,-1.83,-44.87,75.6,87,9,5.37,BR,1600234518
564,La Ronge,55.1,-105.28,33.8,55,5,11.41,CA,1600234518
565,St. George's,12.06,-61.75,82.4,83,20,3.36,GD,1600234519
566,Poronaysk,49.22,143.12,66.51,82,79,7.87,RU,1600234519
567,Outlook,51.5,-107.05,46.2,71,89,7.52,CA,1600234520
568,Grindavik,63.84,-22.43,48.2,81,90,18.34,IS,1600234520
569,Shintomi,32.08,131.47,75.2,88,75,3.36,JP,1600234520
570,Mbanza-Ngungu,-5.25,14.87,70.36,80,73,7.43,CD,1600234520
571,Mayumba,-3.43,10.66,74.82,88,68,6.85,GA,1600234521
572,Antsohihy,-14.88,47.99,82.47,37,39,7.52,MG,1600234521
573,Dmitriyevka,54.75,55.33,48.2,87,90,17.9,RU,1600234521
574,Limulunga,-15.1,23.14,74.98,37,0,6.29,ZM,1600234522
575,Preobrazheniye,42.9,133.91,66.25,70,98,9.31,RU,1600234522
576,Kudahuvadhoo,2.67,72.89,82.08,77,97,8.57,MV,1600234522
577,Pitkyaranta,61.57,31.48,50.83,78,100,9.33,RU,1600234522
578,Sendafa,9.15,39.03,59.0,87,75,2.24,ET,1600234523
579,Skjervøy,70.03,20.97,39.2,100,75,4.7,NO,1600234523
580,Monroe,43.15,-77.68,55.99,71,1,10.29,US,1600234523
581,Sopela,43.38,-2.98,64.99,93,100,3.36,ES,1600234523
582,Oktyabr'skiy,54.48,53.47,47.44,81,96,16.87,RU,1600234524
583,Ust-Maya,60.42,134.53,55.81,50,28,5.82,RU,1600234524
584,Luganville,-15.53,167.17,80.6,74,40,13.87,VU,1600234524
585,Endicott,42.1,-76.05,50.0,66,1,6.93,US,1600234525
586,Atar,20.52,-13.05,87.78,42,0,7.11,MR,1600234525
587,Mmabatho,-25.85,25.63,62.6,17,92,4.7,ZA,1600234324
588,Qasigiannguit,68.82,-51.19,44.6,42,89,19.46,GL,1600234525
589,Alakurtti,66.97,30.35,41.0,95,89,1.01,RU,1600234525
590,Neepawa,50.23,-99.47,50.0,81,90,10.29,CA,1600234526
591,Iracoubo,5.48,-53.2,74.91,91,95,4.65,GF,1600234526
592,Banyo,6.75,11.82,65.89,94,99,2.42,CM,1600234526
593,Krasnokholmskiy,55.99,55.05,48.16,85,94,18.54,RU,1600234526
594,Douglas,41.3,-96.17,64.99,88,1,4.7,US,1600234475
595,Lakes Entrance,-37.88,147.98,75.99,32,100,1.01,AU,1600234527
596,Ust-Kuyga,70.02,135.6,52.25,54,40,5.59,RU,1600234527
597,Chimbote,-9.09,-78.58,59.22,89,52,7.92,PE,1600234527
598,Darhan,49.49,105.92,56.53,55,41,3.91,MN,1600234528
599,Ketchikan,55.34,-131.65,57.2,71,1,3.36,US,1600234386
600,Santa Maria,-29.68,-53.81,56.23,95,100,5.95,BR,1600234528
601,Kaupanger,61.18,7.24,48.2,70,40,26.4,NO,1600234528
602,Te Anau,-45.42,167.72,46.38,88,100,7.11,NZ,1600234529
603,Praia,14.92,-23.51,78.08,85,25,8.9,CV,1600234529
604,Proti,40.95,24.0,73.0,72,1,2.37,GR,1600234529
605,Deūlgaon Rāja,20.02,76.03,77.0,94,90,3.36,IN,1600234529
606,Rawson,-43.3,-65.1,43.48,62,24,8.16,AR,1600234530
607,Bukoba,-1.33,31.81,68.0,88,40,5.82,TZ,1600234530
608,Lethem,3.38,-59.8,75.07,81,61,1.12,GY,1600234530
609,Almeirim,-1.52,-52.58,78.03,76,45,7.16,BR,1600234530
610,Pangoa,-12.12,-73.0,64.54,90,63,2.28,PE,1600234531
611,Kamiiso,41.82,140.65,75.2,73,75,6.93,JP,1600234531
612,Lázaro Cárdenas,17.96,-102.2,77.99,86,74,4.12,MX,1600234531
613,Dapdap,12.06,125.49,76.98,89,100,11.03,PH,1600234531
614,Kapustin Yar,48.58,45.74,64.35,47,11,16.71,RU,1600234532
615,Kamina,-8.74,24.99,76.6,59,91,1.07,CD,1600234532
616,Storforshei,66.4,14.52,42.01,93,40,3.36,NO,1600234532
617,Agua Dulce,18.13,-94.13,79.34,86,100,9.15,MX,1600234532
618,Zyryanovsk,49.74,84.27,75.94,25,85,8.37,KZ,1600234533
619,Dali,25.7,100.18,76.35,58,83,4.92,CN,1600234533
